doi,material,bet_surface_area_m2_g,pressure_bar,adsorption_temperature_K,pore_volume_cm3_g,year,material_taxonomy,co2_capacity_mg_g
10.1039_c4ra09314c,GA-E,10.0,0.5,303.15,,2014.0,Graphene composite,40.94332
10.1039_c4ra09314c,GA-E,10.0,0.4,303.15,,2014.0,Graphene composite,36.07912
10.1039_c4ra09314c,GA-E,10.0,0.35,303.15,,2014.0,Graphene composite,33.56892
10.1039_c4ra09314c,GA-E,10.0,0.3,303.15,,2014.0,Graphene composite,30.67944
10.1039_c4ra09314c,GA-E,10.0,0.25,303.15,,2014.0,Graphene composite,27.27692
10.1039_c4ra09314c,GA-E,10.0,0.2,303.15,,2014.0,Graphene composite,24.5212
10.1039_c4ra09314c,GA-E,10.0,0.15,303.15,,2014.0,Graphene composite,20.09216
10.1039_c4ra09314c,GA-E,10.0,0.1,303.15,,2014.0,Graphene composite,15.37316
10.1039_c4ra09314c,GA-E,10.0,0.05,303.15,,2014.0,Graphene composite,9.92904
10.1039_c4ra09314c,GA-E,10.0,0.95,273.15,,2014.0,Graphene composite,87.68759999999999
10.1039_c4ra09314c,GA-E,10.0,0.9,273.15,,2014.0,Graphene composite,86.5722
10.1039_c4ra09314c,GA-E,10.0,0.85,273.15,,2014.0,Graphene composite,85.90252
10.1039_c4ra09314c,GA-E,10.0,0.8,273.15,,2014.0,Graphene composite,83.89436
10.1039_c4ra09314c,GA-E,10.0,0.75,273.15,,2014.0,Graphene composite,81.8862
10.1039_c4ra09314c,GA-E,10.0,0.7,273.15,,2014.0,Graphene composite,80.54772
10.1039_c4ra09314c,GA-E,10.0,0.65,273.15,,2014.0,Graphene composite,78.16028
10.1039_c4ra09314c,GA-E,10.0,0.45,303.15,,2014.0,Graphene composite,38.52244
10.1039_c4ra09314c,GA-E,10.0,0.55,303.15,,2014.0,Graphene composite,43.02936
10.1039_c4ra09314c,GA-E,10.0,0.5,323.15,,2014.0,Graphene composite,24.32056
10.1039_c4ra09314c,GA-E,10.0,0.6,303.15,,2014.0,Graphene composite,44.71412
10.1039_c4ra09314c,GA-E,10.0,0.4,323.15,,2014.0,Graphene composite,21.30832
10.1039_c4ra09314c,GA-E,10.0,0.35,323.15,,2014.0,Graphene composite,19.31116
10.1039_c4ra09314c,GA-E,10.0,0.3,323.15,,2014.0,Graphene composite,17.71616
10.1039_c4ra09314c,GA-E,10.0,0.25,323.15,,2014.0,Graphene composite,15.3956
10.1039_c4ra09314c,GA-E,10.0,0.2,323.15,,2014.0,Graphene composite,13.47676
10.1039_c4ra09314c,GA-E,10.0,0.15,323.15,,2014.0,Graphene composite,10.97756
10.1039_c4ra09314c,GA-E,10.0,0.1,323.15,,2014.0,Graphene composite,8.30016
10.1039_c4ra09314c,GA-E,10.0,0.05,323.15,,2014.0,Graphene composite,5.0314
10.1039_c4ra09314c,GA-E,10.0,0.95,303.15,,2014.0,Graphene composite,55.73612
10.1039_c4ra09314c,GA-E,10.0,0.9,303.15,,2014.0,Graphene composite,54.55384
10.1039_c4ra09314c,GA-E,10.0,0.85,303.15,,2014.0,Graphene composite,52.99184
10.1039_c4ra09314c,GA-E,10.0,0.8,303.15,,2014.0,Graphene composite,51.56404
10.1039_c4ra09314c,GA-E,10.0,0.75,303.15,,2014.0,Graphene composite,49.9796
10.1039_c4ra09314c,GA-E,10.0,0.7,303.15,,2014.0,Graphene composite,48.66312
10.1039_c4ra09314c,GA-E,10.0,0.65,303.15,,2014.0,Graphene composite,46.75572
10.1039_c4ra09314c,GA-E,10.0,0.6,273.15,,2014.0,Graphene composite,76.08524
10.1039_c4ra09314c,GA-E,10.0,0.55,273.15,,2014.0,Graphene composite,74.30015999999999
10.1039_c4ra09314c,GA-E,10.0,0.5,273.15,,2014.0,Graphene composite,72.51508
10.1039_c4ra09314c,GA-E,10.0,0.45,273.15,,2014.0,Graphene composite,68.72228
10.1039_c6ra13590k,IFGO,190.0,0.9,298.0,0.096,2016.0,GO non-composite,33.60896
10.1039_c6ra13590k,IFGO,190.0,0.75,298.0,0.096,2016.0,GO non-composite,26.302760000000003
10.1039_c6ra13590k,IFGO,190.0,0.6,298.0,0.096,2016.0,GO non-composite,23.38028
10.1039_c6ra13590k,IFGO,190.0,0.45,298.0,0.096,2016.0,GO non-composite,18.85004
10.1039_c6ra13590k,IFGO,190.0,0.3,298.0,0.096,2016.0,GO non-composite,9.49828
10.1039_c6ra13590k,IFGO,190.0,0.15,298.0,0.096,2016.0,GO non-composite,10.22868
10.1039_c4ra09314c,GA-E,10.0,0.1,273.15,,2014.0,Graphene composite,74.96983999999999
10.1039_c4ra09314c,GA-E,10.0,0.4,273.15,,2014.0,Graphene composite,66.26796
10.1039_c4ra09314c,GA-E,10.0,0.35,273.15,,2014.0,Graphene composite,63.59012
10.1039_c4ra09314c,GA-E,10.0,0.3,273.15,,2014.0,Graphene composite,58.90456
10.1039_c4ra09314c,GA-E,10.0,0.25,273.15,,2014.0,Graphene composite,58.7092
10.1039_c4ra09314c,GA-E,10.0,0.2,273.15,,2014.0,Graphene composite,58.51384
10.1039_c4ra09314c,GA-E,10.0,0.15,273.15,,2014.0,Graphene composite,62.58604
10.1039_c4ra09314c,GA-E,10.0,0.05,273.15,,2014.0,Graphene composite,104.86828
10.1039_c4ra09314c,GA-E,10.0,0.45,323.15,,2014.0,Graphene composite,22.82544
10.1039_c4ra09314c,GA-E,10.0,0.55,323.15,,2014.0,Graphene composite,25.2912
10.1039_c4ra09314c,GA-W,10.0,0.45,323.15,,2014.0,Graphene non-composite,32.7888
10.1039_c4ra09314c,GA-W,10.0,0.35,323.15,,2014.0,Graphene non-composite,29.55568
10.1039_c4ra09314c,GA-W,10.0,0.3,323.15,,2014.0,Graphene non-composite,27.65928
10.1039_c4ra09314c,GA-W,10.0,0.25,323.15,,2014.0,Graphene non-composite,24.94448
10.1039_c4ra09314c,GA-W,10.0,0.2,323.15,,2014.0,Graphene non-composite,22.53328
10.1039_c4ra09314c,GA-W,10.0,0.15,323.15,,2014.0,Graphene non-composite,19.33316
10.1039_c4ra09314c,GA-W,10.0,0.1,323.15,,2014.0,Graphene non-composite,15.33312
10.1039_c4ra09314c,GA-W,10.0,0.05,323.15,,2014.0,Graphene non-composite,9.97788
10.1039_c4ra09314c,GA-W,10.0,0.95,303.15,,2014.0,Graphene non-composite,64.77768
10.1039_c4ra09314c,GA-W,10.0,0.9,303.15,,2014.0,Graphene non-composite,63.33316
10.1039_c4ra09314c,GA-W,10.0,0.85,303.15,,2014.0,Graphene non-composite,61.666880000000006
10.1039_c4ra09314c,GA-W,10.0,0.8,303.15,,2014.0,Graphene non-composite,60.11104
10.1039_c4ra09314c,GA-W,10.0,0.75,303.15,,2014.0,Graphene non-composite,58.44432
10.1039_c4ra09314c,GA-W,10.0,0.7,303.15,,2014.0,Graphene non-composite,56.9778
10.1039_c4ra09314c,GA-W,10.0,0.65,303.15,,2014.0,Graphene non-composite,55.0
10.1039_c4ra09314c,GA-W,10.0,0.6,303.15,,2014.0,Graphene non-composite,52.8
10.1039_c4ra09314c,GA-W,10.0,0.4,323.15,,2014.0,Graphene non-composite,31.55548
10.1039_c4ra09314c,GA-W,10.0,0.5,323.15,,2014.0,Graphene non-composite,34.22232
10.1039_c4ra09314c,GA-E,10.0,0.6,323.15,,2014.0,Graphene composite,26.708
10.1039_c4ra09314c,GA-W,10.0,0.55,323.15,,2014.0,Graphene non-composite,35.36676
10.1039_c4ra09314c,GA-W,10.0,0.95,323.15,,2014.0,Graphene non-composite,42.51104
10.1039_c4ra09314c,GA-W,10.0,0.9,323.15,,2014.0,Graphene non-composite,42.06664
10.1039_c4ra09314c,GA-W,10.0,0.85,323.15,,2014.0,Graphene non-composite,41.23328
10.1039_c4ra09314c,GA-W,10.0,0.8,323.15,,2014.0,Graphene non-composite,40.44436
10.1039_c4ra09314c,GA-W,10.0,0.75,323.15,,2014.0,Graphene non-composite,39.66688
10.1039_c4ra09314c,GA-W,10.0,0.7,323.15,,2014.0,Graphene non-composite,38.7112
10.1039_c4ra09314c,GA-W,10.0,0.65,323.15,,2014.0,Graphene non-composite,37.77796
10.1039_c4ra09314c,GA-W,10.0,0.6,323.15,,2014.0,Graphene non-composite,36.55564
10.1039_c4ra09314c,GA-W,10.0,0.55,303.15,,2014.0,Graphene non-composite,51.22216
10.1039_c4ra09314c,GA-W,10.0,0.5,303.15,,2014.0,Graphene non-composite,48.77796
10.1039_c4ra09314c,GA-W,10.0,0.45,303.15,,2014.0,Graphene non-composite,46.55552
10.1039_c4ra09314c,GA-W,10.0,0.4,303.15,,2014.0,Graphene non-composite,44.2222
10.1039_c4ra09314c,GA-W,10.0,0.4,273.15,,2014.0,Graphene non-composite,74.66668
10.1039_c4ra09314c,GA-W,10.0,0.35,273.15,,2014.0,Graphene non-composite,72.44424000000001
10.1039_c4ra09314c,GA-W,10.0,0.3,273.15,,2014.0,Graphene non-composite,68.22244
10.1039_c4ra09314c,GA-W,10.0,0.25,273.15,,2014.0,Graphene non-composite,67.89156
10.1039_c4ra09314c,GA-W,10.0,0.2,273.15,,2014.0,Graphene non-composite,67.56112
10.1039_c4ra09314c,GA-W,10.0,0.15,273.15,,2014.0,Graphene non-composite,70.27768
10.1039_c4ra09314c,GA-W,10.0,0.1,273.15,,2014.0,Graphene non-composite,79.88904000000001
10.1039_c4ra09314c,GA-W,10.0,0.05,273.15,,2014.0,Graphene non-composite,105.77776
10.1039_c4ra09314c,GA-E,10.0,0.95,323.15,,2014.0,Graphene composite,33.75856
10.1039_c4ra09314c,GA-E,10.0,0.9,323.15,,2014.0,Graphene composite,33.60236
10.1039_c4ra09314c,GA-E,10.0,0.85,323.15,,2014.0,Graphene composite,32.34176
10.1039_c4ra09314c,GA-E,10.0,0.8,323.15,,2014.0,Graphene composite,31.4204
10.1039_c4ra09314c,GA-E,10.0,0.75,323.15,,2014.0,Graphene composite,30.1774
10.1039_c4ra09314c,GA-E,10.0,0.7,323.15,,2014.0,Graphene composite,29.02856
10.1039_c4ra09314c,GA-E,10.0,0.65,323.15,,2014.0,Graphene composite,28.33688
10.1039_c4ra09314c,GA-W,10.0,0.45,273.15,,2014.0,Graphene non-composite,77.11131999999999
10.1039_c4ra09314c,GA-W,10.0,0.5,273.15,,2014.0,Graphene non-composite,80.66651999999999
10.1039_c4ra09314c,GA-W,10.0,0.55,273.15,,2014.0,Graphene non-composite,82.66676
10.1039_c4ra09314c,GA-W,10.0,0.05,303.15,,2014.0,Graphene non-composite,15.05548
10.1039_c4ra09314c,GA-W,10.0,0.35,303.15,,2014.0,Graphene non-composite,41.65568
10.1039_c4ra09314c,GA-W,10.0,0.3,303.15,,2014.0,Graphene non-composite,38.777640000000005
10.1039_c4ra09314c,GA-W,10.0,0.25,303.15,,2014.0,Graphene non-composite,35.16656
10.1039_c4ra09314c,GA-W,10.0,0.2,303.15,,2014.0,Graphene non-composite,32.22208
10.1039_c4ra09314c,GA-W,10.0,0.15,303.15,,2014.0,Graphene non-composite,27.45556
10.1039_c4ra09314c,GA-W,10.0,0.1,303.15,,2014.0,Graphene non-composite,22.2222
10.1039_c4ra09314c,GA-W,10.0,0.95,273.15,,2014.0,Graphene non-composite,99.33352
10.1039_c4ra09314c,GA-W,10.0,0.6,273.15,,2014.0,Graphene non-composite,84.66656
10.1039_c4ra09314c,GA-W,10.0,0.9,273.15,,2014.0,Graphene non-composite,97.77768
10.1039_c4ra09314c,GA-W,10.0,0.85,273.15,,2014.0,Graphene non-composite,96.44448
10.1039_c4ra09314c,GA-W,10.0,0.8,273.15,,2014.0,Graphene non-composite,93.88896
10.1039_c4ra09314c,GA-W,10.0,0.75,273.15,,2014.0,Graphene non-composite,91.33344
10.1039_c4ra09314c,GA-W,10.0,0.7,273.15,,2014.0,Graphene non-composite,89.7776
10.1039_c4ra09314c,GA-W,10.0,0.65,273.15,,2014.0,Graphene non-composite,87.62204
10.1016_j.cej.2014.11.037,TiO2/GO-0.10,99.536,0.5,273.15,0.382,2014.0,GO non-composite,63.882720000000006
10.1016_j.cej.2014.11.037,TiO2/GO-0.10,99.536,0.35,273.15,0.382,2014.0,GO non-composite,50.37604
10.1016_j.cej.2014.11.037,TiO2/GO-0.10,99.536,0.3,273.15,0.382,2014.0,GO non-composite,46.40944
10.1016_j.cej.2014.11.037,TiO2/GO-0.10,99.536,0.25,273.15,0.382,2014.0,GO non-composite,40.76336
10.1016_j.cej.2014.11.037,TiO2/GO-0.10,99.536,0.2,273.15,0.382,2014.0,GO non-composite,34.873960000000004
10.1016_j.cej.2014.11.037,TiO2/GO-0.10,99.536,0.15,273.15,0.382,2014.0,GO non-composite,28.57096
10.1016_j.cej.2014.11.037,TiO2/GO-0.10,99.536,0.1,273.15,0.382,2014.0,GO non-composite,21.75668
10.1016_j.cej.2014.11.037,TiO2/GO-0.10,99.536,0.05,273.15,0.382,2014.0,GO non-composite,12.605999999999998
10.1016_j.cej.2014.11.037,TiO2/GO-0.10,99.536,0.45,273.15,0.382,2014.0,GO non-composite,59.59976
10.1016_j.cej.2014.11.037,TiO2/GO-0.10,99.536,0.55,273.15,0.382,2014.0,GO non-composite,67.606
10.1016_j.cej.2014.11.037,TiO2/GO-0.10,99.536,0.6,273.15,0.382,2014.0,GO non-composite,72.40024
10.1016_j.cej.2014.11.037,TiO2/GO-0.20,87.767,0.45,273.15,0.297,2014.0,GO non-composite,40.8606
10.1016_j.cej.2014.11.037,TiO2/GO-0.20,87.767,0.4,273.15,0.297,2014.0,GO non-composite,37.79424
10.1016_j.cej.2014.11.037,TiO2/GO-0.20,87.767,0.35,273.15,0.297,2014.0,GO non-composite,34.46036
10.1016_j.cej.2014.11.037,TiO2/GO-0.20,87.767,0.3,273.15,0.297,2014.0,GO non-composite,31.66152
10.1016_j.cej.2014.11.037,TiO2/GO-0.20,87.767,0.25,273.15,0.297,2014.0,GO non-composite,27.01336
10.1016_j.cej.2014.11.037,TiO2/GO-0.20,87.767,0.2,273.15,0.297,2014.0,GO non-composite,23.144
10.1016_j.cej.2014.11.037,TiO2/GO-0.20,87.767,0.15,273.15,0.297,2014.0,GO non-composite,19.25
10.1016_j.cej.2014.11.037,TiO2/GO-0.20,87.767,0.1,273.15,0.297,2014.0,GO non-composite,15.64816
10.1016_j.cej.2014.11.037,TiO2/GO-0.20,87.767,0.05,273.15,0.297,2014.0,GO non-composite,6.716600000000001
10.1016_j.cej.2014.11.037,TiO2/GO-0.10,99.536,0.9,273.15,0.382,2014.0,GO non-composite,96.15276
10.1016_j.cej.2014.11.037,TiO2/GO-0.10,99.536,0.85,273.15,0.382,2014.0,GO non-composite,90.40944
10.1016_j.cej.2014.11.037,TiO2/GO-0.10,99.536,0.8,273.15,0.382,2014.0,GO non-composite,86.75876
10.1016_j.cej.2014.11.037,TiO2/GO-0.10,99.536,0.75,273.15,0.382,2014.0,GO non-composite,83.10852
10.1016_j.cej.2014.11.037,TiO2/GO-0.10,99.536,0.7,273.15,0.382,2014.0,GO non-composite,79.45784
10.1016_j.cej.2014.11.037,TiO2/GO-0.10,99.536,0.65,273.15,0.382,2014.0,GO non-composite,75.75876
10.1016_j.cej.2014.11.037,GO,32.0,0.3,273.15,,2014.0,GO non-composite,16.913600000000002
10.1016_j.cej.2014.11.037,GO,32.0,0.25,273.15,,2014.0,GO non-composite,14.60184
10.1016_j.cej.2014.11.037,GO,32.0,0.2,273.15,,2014.0,GO non-composite,12.77672
10.1016_j.cej.2014.11.037,GO,32.0,0.15,273.15,,2014.0,GO non-composite,10.95116
10.1016_j.cej.2014.11.037,GO,32.0,0.1,273.15,,2014.0,GO non-composite,8.76128
10.1016_j.cej.2014.11.037,GO,32.0,0.05,273.15,,2014.0,GO non-composite,5.5242
10.1016_j.micromeso.2020.110786,0.5 wt% GO/core shell ZIF-8@ZIF-67,1378.0,1.0,298.0,1.27,2020.0,rGO non-composite,68.64
10.1016_j.micromeso.2020.110786,4 wt% RGO/core shell ZIF-8@ZIF-67,532.0,1.0,273.0,0.29,2020.0,rGO non-composite,39.6
10.1016_j.micromeso.2020.110786,2 wt% RGO/core shell ZIF-8@ZIF-67,619.0,1.0,273.0,0.35,2020.0,rGO non-composite,54.12
10.1016_j.micromeso.2020.110786,1 wt% RGO/core shell ZIF-8@ZIF-67,1459.0,1.0,273.0,1.38,2020.0,rGO non-composite,63.8
10.1016_j.micromeso.2020.110786,0.5 wt% RGO/core shell ZIF-8@ZIF-67,1490.0,1.0,273.0,1.6,2020.0,rGO non-composite,76.12
10.1016_j.micromeso.2020.110786,4 wt% GO/core shell ZIF-8@ZIF-67,585.0,1.0,273.0,0.82,2020.0,rGO non-composite,57.2
10.1016_j.micromeso.2020.110786,2 wt% GO/core shell ZIF-8@ZIF-67,1003.0,1.0,273.0,0.7,2020.0,rGO non-composite,68.2
10.1016_j.micromeso.2020.110786,1 wt% GO/core shell ZIF-8@ZIF-67,1056.0,1.0,273.0,0.83,2020.0,rGO non-composite,75.67999999999999
10.1016_j.micromeso.2020.110786,0.5 wt% GO/core shell ZIF-8@ZIF-67,1378.0,1.0,273.0,1.27,2020.0,rGO non-composite,94.6
10.1016_j.cej.2014.11.037,GO,32.0,0.35,273.15,,2014.0,GO non-composite,18.52004
10.1016_j.cej.2014.11.037,GO,32.0,0.4,273.15,,2014.0,GO non-composite,20.19908
10.1016_j.cej.2014.11.037,GO,32.0,0.45,273.15,,2014.0,GO non-composite,21.90276
10.1016_j.cej.2014.11.037,GO,32.0,0.9,273.15,,2014.0,GO non-composite,36.28548
10.1016_j.cej.2014.11.037,GO,32.0,0.85,273.15,,2014.0,GO non-composite,34.1924
10.1016_j.cej.2014.11.037,GO,32.0,0.5,273.15,,2014.0,GO non-composite,23.48456
10.1016_j.cej.2014.11.037,GO,32.0,0.8,273.15,,2014.0,GO non-composite,32.6348
10.1016_j.cej.2014.11.037,GO,32.0,0.75,273.15,,2014.0,GO non-composite,31.27212
10.1016_j.cej.2014.11.037,GO,32.0,0.7,273.15,,2014.0,GO non-composite,29.690320000000003
10.1016_j.cej.2014.11.037,GO,32.0,0.65,273.15,,2014.0,GO non-composite,28.20576
10.1016_j.cej.2014.11.037,GO,32.0,0.6,273.15,,2014.0,GO non-composite,26.89148
10.1016_j.cej.2014.11.037,GO,32.0,0.55,273.15,,2014.0,GO non-composite,25.066360000000003
10.1016_j.cej.2014.11.037,TiO2/GO-0.20,87.767,0.5,273.15,0.297,2014.0,GO non-composite,43.197
10.1016_j.cej.2014.11.037,TiO2/GO-0.20,87.767,0.55,273.15,0.297,2014.0,GO non-composite,47.30968
10.1016_j.cej.2014.11.037,TiO2/GO-0.20,87.767,0.6,273.15,0.297,2014.0,GO non-composite,50.303
10.1016_j.cej.2014.11.037,TiO2/GO-0.10,99.536,0.65,298.15,0.382,2014.0,GO non-composite,57.12212
10.1016_j.cej.2014.11.037,TiO2/GO-0.10,99.536,0.5,323.15,0.382,2014.0,GO non-composite,32.41612
10.1016_j.cej.2014.11.037,TiO2/GO-0.10,99.536,0.45,323.15,0.382,2014.0,GO non-composite,29.78756
10.1016_j.cej.2014.11.037,TiO2/GO-0.10,99.536,0.4,323.15,0.382,2014.0,GO non-composite,27.8212
10.1016_j.cej.2014.11.037,TiO2/GO-0.10,99.536,0.35,323.15,0.382,2014.0,GO non-composite,25.52396
10.1016_j.cej.2014.11.037,TiO2/GO-0.10,99.536,0.3,323.15,0.382,2014.0,GO non-composite,23.18756
10.1016_j.cej.2014.11.037,TiO2/GO-0.10,99.536,0.25,323.15,0.382,2014.0,GO non-composite,21.02672
10.1016_j.cej.2014.11.037,TiO2/GO-0.10,99.536,0.2,323.15,0.382,2014.0,GO non-composite,17.95024
10.1016_j.cej.2014.11.037,TiO2/GO-0.10,99.536,0.15,323.15,0.382,2014.0,GO non-composite,14.71844
10.1016_j.cej.2014.11.037,TiO2/GO-0.10,99.536,0.1,323.15,0.382,2014.0,GO non-composite,11.19448
10.1016_j.cej.2014.11.037,TiO2/GO-0.10,99.536,0.05,323.15,0.382,2014.0,GO non-composite,6.03548
10.1016_j.cej.2014.11.037,TiO2/GO-0.10,99.536,0.95,298.15,0.382,2014.0,GO non-composite,72.52212
10.1016_j.cej.2014.11.037,TiO2/GO-0.10,99.536,0.9,298.15,0.382,2014.0,GO non-composite,69.58248
10.1016_j.cej.2014.11.037,TiO2/GO-0.10,99.536,0.85,298.15,0.382,2014.0,GO non-composite,67.84976
10.1016_j.cej.2014.11.037,TiO2/GO-0.10,99.536,0.8,298.15,0.382,2014.0,GO non-composite,65.51335999999999
10.1016_j.cej.2014.11.037,TiO2/GO-0.10,99.536,0.75,298.15,0.382,2014.0,GO non-composite,63.2742
10.1016_j.cej.2014.11.037,TiO2/GO-0.10,99.536,0.55,323.15,0.382,2014.0,GO non-composite,34.1682
10.1016_j.cej.2014.11.037,TiO2/GO-0.10,99.536,0.6,323.15,0.382,2014.0,GO non-composite,36.1152
10.1016_j.cej.2014.11.037,TiO2/GO-0.10,99.536,0.65,323.15,0.382,2014.0,GO non-composite,38.06176
10.1039_c6ra13590k,IFGO,190.0,0.45,273.0,0.096,2016.0,GO non-composite,67.36399999999999
10.1039_c6ra13590k,IFGO,190.0,0.9,273.0,0.096,2016.0,GO non-composite,154.8932
10.1039_c6ra13590k,IFGO,190.0,0.75,273.0,0.096,2016.0,GO non-composite,129.32084
10.1039_c6ra13590k,IFGO,190.0,0.6,273.0,0.096,2016.0,GO non-composite,108.13264
10.1039_c6ra13590k,IFGO,190.0,0.3,273.0,0.096,2016.0,GO non-composite,44.56848
10.1016_j.cej.2014.11.037,TiO2/GO-0.10,99.536,0.7,323.15,0.382,2014.0,GO non-composite,39.853
10.1039_c6ra13590k,IFGO,190.0,0.15,273.0,0.096,2016.0,GO non-composite,29.95564
10.1016_j.cej.2014.11.037,TiO2/GO-0.10,99.536,0.95,323.15,0.382,2014.0,GO non-composite,49.99632
10.1016_j.cej.2014.11.037,TiO2/GO-0.10,99.536,0.9,323.15,0.382,2014.0,GO non-composite,47.29032
10.1016_j.cej.2014.11.037,TiO2/GO-0.10,99.536,0.85,323.15,0.382,2014.0,GO non-composite,45.46036
10.1016_j.cej.2014.11.037,TiO2/GO-0.10,99.536,0.8,323.15,0.382,2014.0,GO non-composite,43.62996
10.1016_j.cej.2014.11.037,TiO2/GO-0.10,99.536,0.75,323.15,0.382,2014.0,GO non-composite,42.24792
10.1016_j.cej.2014.11.037,TiO2/GO-0.10,99.536,0.7,298.15,0.382,2014.0,GO non-composite,59.96452
10.1016_j.cej.2014.11.037,TiO2/GO-0.10,99.536,0.6,298.15,0.382,2014.0,GO non-composite,54.2212
10.1016_j.cej.2014.11.037,TiO2/GO-0.20,87.767,0.65,273.15,0.297,2014.0,GO non-composite,52.93156
10.1016_j.cej.2014.11.037,TiO2/GO-0.10,99.536,0.55,298.15,0.382,2014.0,GO non-composite,51.223040000000005
10.1016_j.cej.2014.11.037,TiO2/GO-0.30,83.121,0.5,273.15,0.269,2014.0,GO non-composite,34.07096
10.1016_j.cej.2014.11.037,TiO2/GO-0.30,83.121,0.45,273.15,0.269,2014.0,GO non-composite,31.685720000000003
10.1016_j.cej.2014.11.037,TiO2/GO-0.30,83.121,0.4,273.15,0.269,2014.0,GO non-composite,29.447
10.1016_j.cej.2014.11.037,TiO2/GO-0.30,83.121,0.35,273.15,0.269,2014.0,GO non-composite,27.35392
10.1016_j.cej.2014.11.037,TiO2/GO-0.30,83.121,0.3,273.15,0.269,2014.0,GO non-composite,25.09056
10.1016_j.cej.2014.11.037,TiO2/GO-0.30,83.121,0.25,273.15,0.269,2014.0,GO non-composite,22.3894
10.1016_j.cej.2014.11.037,TiO2/GO-0.30,83.121,0.2,273.15,0.269,2014.0,GO non-composite,19.2742
10.1016_j.cej.2014.11.037,TiO2/GO-0.30,83.121,0.15,273.15,0.269,2014.0,GO non-composite,16.01336
10.1016_j.cej.2014.11.037,TiO2/GO-0.30,83.121,0.1,273.15,0.269,2014.0,GO non-composite,13.28756
10.1016_j.cej.2014.11.037,TiO2/GO-0.30,83.121,0.05,273.15,0.269,2014.0,GO non-composite,8.05552
10.1016_j.cej.2014.11.037,TiO2/GO-0.20,87.767,0.9,273.15,0.297,2014.0,GO non-composite,67.84976
10.1016_j.cej.2014.11.037,TiO2/GO-0.20,87.767,0.85,273.15,0.297,2014.0,GO non-composite,64.71036000000001
10.1016_j.cej.2014.11.037,TiO2/GO-0.20,87.767,0.8,273.15,0.297,2014.0,GO non-composite,60.32972
10.1016_j.cej.2014.11.037,TiO2/GO-0.20,87.767,0.75,273.15,0.297,2014.0,GO non-composite,58.5288
10.1016_j.cej.2014.11.037,TiO2/GO-0.20,87.767,0.7,273.15,0.297,2014.0,GO non-composite,55.85184
10.1016_j.cej.2014.11.037,TiO2/GO-0.30,83.121,0.55,273.15,0.269,2014.0,GO non-composite,35.48248
10.1016_j.cej.2014.11.037,TiO2/GO-0.30,83.121,0.6,273.15,0.269,2014.0,GO non-composite,38.5242
10.1016_j.cej.2014.11.037,TiO2/GO-0.30,83.121,0.65,273.15,0.269,2014.0,GO non-composite,39.78964
10.1016_j.cej.2014.11.037,TiO2/GO-0.10,99.536,0.2,298.15,0.382,2014.0,GO non-composite,26.96452
10.1016_j.cej.2014.11.037,TiO2/GO-0.10,99.536,0.5,298.15,0.382,2014.0,GO non-composite,48.77004
10.1016_j.cej.2014.11.037,TiO2/GO-0.10,99.536,0.45,298.15,0.382,2014.0,GO non-composite,44.7788
10.1016_j.cej.2014.11.037,TiO2/GO-0.10,99.536,0.4,298.15,0.382,2014.0,GO non-composite,41.76128
10.1016_j.cej.2014.11.037,TiO2/GO-0.10,99.536,0.35,298.15,0.382,2014.0,GO non-composite,38.2954
10.1016_j.cej.2014.11.037,TiO2/GO-0.10,99.536,0.3,298.15,0.382,2014.0,GO non-composite,34.869119999999995
10.1016_j.cej.2014.11.037,TiO2/GO-0.10,99.536,0.25,298.15,0.382,2014.0,GO non-composite,31.53964
10.1016_j.cej.2014.11.037,TiO2/GO-0.10,99.536,0.15,298.15,0.382,2014.0,GO non-composite,22.19448
10.1016_j.cej.2014.11.037,TiO2/GO-0.30,83.121,0.7,273.15,0.269,2014.0,GO non-composite,41.78548
10.1016_j.cej.2014.11.037,TiO2/GO-0.10,99.536,0.1,298.15,0.382,2014.0,GO non-composite,16.74332
10.1016_j.cej.2014.11.037,TiO2/GO-0.10,99.536,0.05,298.15,0.382,2014.0,GO non-composite,9.306
10.1016_j.cej.2014.11.037,TiO2/GO-0.30,83.121,0.9,273.15,0.269,2014.0,GO non-composite,51.106
10.1016_j.cej.2014.11.037,TiO2/GO-0.30,83.121,0.85,273.15,0.269,2014.0,GO non-composite,46.87188
10.1016_j.cej.2014.11.037,TiO2/GO-0.30,83.121,0.8,273.15,0.269,2014.0,GO non-composite,46.02004
10.1016_j.cej.2014.11.037,TiO2/GO-0.30,83.121,0.75,273.15,0.269,2014.0,GO non-composite,43.80552
10.1039_c3ra42022a,CTS-GO-20%,412.0,0.85,298.15,1.23,2013.0,GO-based composite,176.76296
10.1039_c3ra42022a,CTS-GO-20%,412.0,0.75,298.15,1.23,2013.0,GO-based composite,169.76872
10.1039_c3ra42022a,CTS-GO-20%,412.0,0.7,298.15,1.23,2013.0,GO-based composite,164.89396000000002
10.1039_c3ra42022a,CTS-GO-20%,412.0,0.65,298.15,1.23,2013.0,GO-based composite,161.20632
10.1039_c3ra42022a,CTS-GO-20%,412.0,0.6,298.15,1.23,2013.0,GO-based composite,157.68808
10.1039_c3ra42022a,CTS-GO-15%,390.0,0.95,298.15,1.14,2013.0,GO-based composite,174.77064
10.1039_c3ra42022a,CTS-GO-15%,390.0,0.9,298.15,1.14,2013.0,GO-based composite,170.82868
10.1039_c3ra42022a,CTS-GO-15%,390.0,0.85,298.15,1.14,2013.0,GO-based composite,168.70919999999998
10.1039_c3ra42022a,CTS-GO-15%,390.0,0.8,298.15,1.14,2013.0,GO-based composite,164.72456
10.1039_c3ra42022a,CTS-GO-15%,390.0,0.75,298.15,1.14,2013.0,GO-based composite,161.50288
10.1039_c3ra42022a,CTS-GO-15%,390.0,0.7,298.15,1.14,2013.0,GO-based composite,157.85748
10.1039_c3ra42022a,CTS-GO-15%,390.0,0.65,298.15,1.14,2013.0,GO-based composite,153.91508
10.1039_c3ra42022a,CTS-GO-15%,390.0,0.6,298.15,1.14,2013.0,GO-based composite,151.32963999999998
10.1039_c3ra42022a,CTS-GO-10%,374.0,0.95,298.15,1.31,2013.0,GO-based composite,152.10008
10.1039_c3ra42022a,CTS-GO-10%,374.0,0.9,298.15,1.31,2013.0,GO-based composite,148.786
10.1039_c3ra42022a,CTS-GO-10%,374.0,0.85,298.15,1.31,2013.0,GO-based composite,145.50096
10.1039_c3ra42022a,CTS-GO-20%,412.0,0.8,298.15,1.23,2013.0,GO-based composite,172.10028
10.1039_c3ra42022a,CTS-GO-20%,412.0,0.9,298.15,1.23,2013.0,GO-based composite,178.5432
10.1039_c3ra42022a,CTS-GO-20%,412.0,0.95,298.15,1.23,2013.0,GO-based composite,183.03648
10.1039_c3ra42022a,CTS-GO-10%,374.0,0.8,298.15,1.31,2013.0,GO-based composite,141.97348
10.1039_c3ra42022a,CTS-GO-10%,374.0,0.75,298.15,1.31,2013.0,GO-based composite,138.33028000000002
10.1039_c3ra42022a,CTS-GO-10%,374.0,0.7,298.15,1.31,2013.0,GO-based composite,134.3474
10.1039_c3ra42022a,CTS-GO-10%,374.0,0.65,298.15,1.31,2013.0,GO-based composite,130.55856
10.1039_c3ra42022a,CTS-GO-5%,241.0,0.1,298.15,0.89,2013.0,GO-based composite,57.22552
10.1039_c3ra42022a,CTS-GO-5%,241.0,0.05,298.15,0.89,2013.0,GO-based composite,47.26392
10.1039_c3ra42022a,CTS-GO-3%,205.0,0.95,298.15,0.78,2013.0,GO-based composite,110.42372
10.1039_c3ra42022a,CTS-GO-3%,205.0,0.9,298.15,0.78,2013.0,GO-based composite,109.78792
10.1039_c3ra42022a,CTS-GO-3%,205.0,0.85,298.15,0.78,2013.0,GO-based composite,108.0926
10.1039_c3ra42022a,CTS-GO-3%,205.0,0.8,298.15,0.78,2013.0,GO-based composite,105.54896
10.1039_c3ra42022a,CTS-GO-3%,205.0,0.75,298.15,0.78,2013.0,GO-based composite,103.42948
10.1039_c3ra42022a,CTS-GO-3%,205.0,0.7,298.15,0.78,2013.0,GO-based composite,88.8052
10.1039_c3ra42022a,CTS-GO-3%,205.0,0.65,298.15,0.78,2013.0,GO-based composite,99.19096
10.1039_c3ra42022a,CTS-GO-3%,205.0,0.6,298.15,0.78,2013.0,GO-based composite,95.5878
10.1039_c3ra42022a,CTS-GO-3%,205.0,0.55,298.15,0.78,2013.0,GO-based composite,92.40836
10.1039_c3ra42022a,CTS-GO-3%,205.0,0.5,298.15,0.78,2013.0,GO-based composite,79.05568000000001
10.1039_c3ra42022a,CTS-GO-3%,205.0,0.45,298.15,0.78,2013.0,GO-based composite,112.96736
10.1039_c3ra42022a,CTS-GO-3%,205.0,0.4,298.15,0.78,2013.0,GO-based composite,82.23512000000001
10.1039_c3ra42022a,CTS-GO-3%,205.0,0.35,298.15,0.78,2013.0,GO-based composite,78.41988
10.1039_c3ra42022a,CTS-GO-5%,241.0,0.15,298.15,0.89,2013.0,GO-based composite,63.70496
10.1039_c3ra42022a,CTS-GO-5%,241.0,0.2,298.15,0.89,2013.0,GO-based composite,70.15404000000001
10.1039_c3ra42022a,CTS-GO-5%,241.0,0.3,298.15,0.89,2013.0,GO-based composite,80.80908
10.1039_c3ra42022a,CTS-GO-10%,374.0,0.15,298.15,1.31,2013.0,GO-based composite,73.86323999999999
10.1039_c3ra42022a,CTS-GO-10%,374.0,0.6,298.15,1.31,2013.0,GO-based composite,126.40452
10.1039_c3ra42022a,CTS-GO-10%,374.0,0.55,298.15,1.31,2013.0,GO-based composite,122.22232
10.1039_c3ra42022a,CTS-GO-10%,374.0,0.5,298.15,1.31,2013.0,GO-based composite,117.79944
10.1039_c3ra42022a,CTS-GO-10%,374.0,0.45,298.15,1.31,2013.0,GO-based composite,113.09452
10.1039_c3ra42022a,CTS-GO-10%,374.0,0.25,298.15,1.31,2013.0,GO-based composite,90.04336
10.1039_c3ra42022a,CTS-GO-10%,374.0,0.2,298.15,1.31,2013.0,GO-based composite,82.65884
10.1039_c3ra42022a,CTS-GO-10%,374.0,0.1,298.15,1.31,2013.0,GO-based composite,63.7956
10.1039_c3ra42022a,CTS-GO-5%,241.0,0.4,298.15,0.89,2013.0,GO-based composite,88.98911999999999
10.1039_c3ra42022a,CTS-GO-10%,374.0,0.05,298.15,1.31,2013.0,GO-based composite,49.80712
10.1039_c3ra42022a,CTS-GO-5%,241.0,0.95,298.15,0.89,2013.0,GO-based composite,121.95964
10.1039_c3ra42022a,CTS-GO-5%,241.0,0.85,298.15,0.89,2013.0,GO-based composite,117.26396
10.1039_c3ra42022a,CTS-GO-5%,241.0,0.75,298.15,0.89,2013.0,GO-based composite,112.01344
10.1039_c3ra42022a,CTS-GO-5%,241.0,0.65,298.15,0.89,2013.0,GO-based composite,105.72012
10.1039_c3ra42022a,CTS-GO-5%,241.0,0.5,298.15,0.89,2013.0,GO-based composite,96.21348
10.1021_am402661t,HTG,876.0,0.8,273.15,,2013.0,Graphene non-composite,66.77264
10.1021_am402661t,HTG,876.0,0.7,273.15,,2013.0,Graphene non-composite,61.21060000000001
10.1021_am402661t,HTG,876.0,0.65,273.15,,2013.0,Graphene non-composite,58.48568
10.1021_am402661t,HTG,876.0,0.6,273.15,,2013.0,Graphene non-composite,55.07348
10.1021_am402661t,HTG,876.0,0.55,273.15,,2013.0,Graphene non-composite,52.42204
10.1021_am402661t,HTG,876.0,0.5,273.15,,2013.0,Graphene non-composite,48.96584
10.1021_am402661t,HTG,876.0,0.45,273.15,,2013.0,Graphene non-composite,44.97328
10.1021_am402661t,HTG,876.0,0.4,273.15,,2013.0,Graphene non-composite,42.44328
10.1021_am402661t,HTG,876.0,0.35,273.15,,2013.0,Graphene non-composite,37.63276
10.1021_am402661t,HTG,876.0,0.3,273.15,,2013.0,Graphene non-composite,35.08648
10.1021_am402661t,HTG,876.0,0.25,273.15,,2013.0,Graphene non-composite,29.8518
10.1021_am402661t,HTG,876.0,0.2,273.15,,2013.0,Graphene non-composite,26.68028
10.1021_am402661t,HTG,876.0,0.15,273.15,,2013.0,Graphene non-composite,20.716520000000003
10.1021_am402661t,HTG,876.0,0.1,273.15,,2013.0,Graphene non-composite,16.4648
10.1021_am402661t,HTG,876.0,0.05,273.15,,2013.0,Graphene non-composite,7.66656
10.1021_am402661t,HTG,876.0,0.75,273.15,,2013.0,Graphene non-composite,64.96028
10.1021_am402661t,HTG,876.0,0.85,273.15,,2013.0,Graphene non-composite,70.3142
10.1021_am402661t,HTG,876.0,0.9,273.15,,2013.0,Graphene non-composite,72.27000000000001
10.1021_am402661t,GO,31.0,1.0,273.15,,2013.0,GO non-composite,73.28508
10.1021_am402661t,GO,31.0,0.95,273.15,,2013.0,GO non-composite,71.87048
10.1021_am402661t,GO,31.0,0.9,273.15,,2013.0,GO non-composite,70.17251999999999
10.1021_am402661t,GO,31.0,0.85,273.15,,2013.0,GO non-composite,68.475
10.1021_am402661t,GO,31.0,0.75,273.15,,2013.0,GO non-composite,64.93828
10.1021_am402661t,GO,31.0,0.7,273.15,,2013.0,GO non-composite,63.66492
10.1021_am402661t,GO,31.0,0.65,273.15,,2013.0,GO non-composite,61.68404
10.1021_am402661t,GO,31.0,0.6,273.15,,2013.0,GO non-composite,59.7036
10.1021_am402661t,GO,31.0,0.55,273.15,,2013.0,GO non-composite,57.72272
10.1021_am402661t,GO,31.0,0.5,273.15,,2013.0,GO non-composite,55.45892
10.1021_am402661t,GO,31.0,0.45,273.15,,2013.0,GO non-composite,52.91264
10.1021_am402661t,GO,31.0,0.4,273.15,,2013.0,GO non-composite,50.93176
10.1021_am402661t,HTG,876.0,1.0,273.15,,2013.0,Graphene non-composite,77.6688
10.1021_am402661t,HTG,876.0,0.95,273.15,,2013.0,Graphene non-composite,75.6338
10.1021_am402661t,GEPM-1,476.0,1.0,273.15,,2013.0,GO-based composite,106.38892
10.1021_am402661t,GEPM-1,476.0,0.95,273.15,,2013.0,GO-based composite,104.41024
10.1021_am402661t,GEPM-1,476.0,0.9,273.15,,2013.0,GO-based composite,101.09792
10.1021_am402661t,GEPM-1,476.0,0.85,273.15,,2013.0,GO-based composite,99.45848
10.1021_am402661t,GEPM-1,476.0,0.05,273.15,,2013.0,GO-based composite,44.5654
10.1021_am402661t,GEPM-1,476.0,0.5,273.15,,2013.0,GO-based composite,81.774
10.1021_am402661t,GEPM-1,476.0,0.8,273.15,,2013.0,GO-based composite,96.07136
10.1021_am402661t,GEPM-1,476.0,0.75,273.15,,2013.0,GO-based composite,94.74564
10.1021_am402661t,GEPM-1,476.0,0.7,273.15,,2013.0,GO-based composite,91.39416
10.1021_am402661t,GEPM-1,476.0,0.65,273.15,,2013.0,GO-based composite,89.3706
10.1021_am402661t,GEPM-1,476.0,0.6,273.15,,2013.0,GO-based composite,86.44239999999999
10.1021_am402661t,GEPM-1,476.0,0.55,273.15,,2013.0,GO-based composite,84.33656
10.1021_am402661t,GEPM-1,476.0,0.45,273.15,,2013.0,GO-based composite,79.18548
10.1021_am402661t,GEPM-1,476.0,0.1,273.15,,2013.0,GO-based composite,56.44936
10.1021_am402661t,GEPM-1,476.0,0.4,273.15,,2013.0,GO-based composite,76.96347999999999
10.1021_am402661t,GEPM-1,476.0,0.35,273.15,,2013.0,GO-based composite,73.86456
10.1021_am402661t,GEPM-1,476.0,0.3,273.15,,2013.0,GO-based composite,71.87048
10.1021_am402661t,GEPM-1,476.0,0.25,273.15,,2013.0,GO-based composite,67.35036000000001
10.1021_am402661t,GEPM-1,476.0,0.2,273.15,,2013.0,GO-based composite,64.90396
10.1021_am402661t,GEPM-1,476.0,0.15,273.15,,2013.0,GO-based composite,59.7036
10.1039_c3ra42022a,CTS-GO-3%,205.0,0.3,298.15,0.78,2013.0,GO-based composite,74.18092
10.1039_c3ra42022a,CTS-GO-3%,205.0,0.25,298.15,0.78,2013.0,GO-based composite,60.616600000000005
10.1039_c3ra42022a,CTS-GO-3%,205.0,0.2,298.15,0.78,2013.0,GO-based composite,64.85556
10.1039_c3ee23421e,CG-15,500.0,1.0,273.15,0.3119,2013.0,GO-based composite,134.04247999999998
10.1039_c3ee23421e,CG-15,500.0,0.9,273.15,0.3119,2013.0,GO-based composite,129.44668
10.1039_c3ee23421e,CG-15,500.0,0.85,273.15,0.3119,2013.0,GO-based composite,127.149
10.1039_c3ee23421e,CG-15,500.0,0.8,273.15,0.3119,2013.0,GO-based composite,124.08528
10.1039_c3ee23421e,CG-15,500.0,0.75,273.15,0.3119,2013.0,GO-based composite,121.02112
10.1039_c3ee23421e,CG-15,500.0,0.7,273.15,0.3119,2013.0,GO-based composite,117.9574
10.1039_c3ee23421e,CG-15,500.0,0.65,273.15,0.3119,2013.0,GO-based composite,114.89368
10.1039_c3ee23421e,CG-15,500.0,0.6,273.15,0.3119,2013.0,GO-based composite,111.06392
10.1039_c3ee23421e,CG-15,500.0,0.55,273.15,0.3119,2013.0,GO-based composite,107.23416
10.1039_c3ee23421e,CG-15,500.0,0.5,273.15,0.3119,2013.0,GO-based composite,102.63836
10.1039_c3ee23421e,CG-15,500.0,0.45,273.15,0.3119,2013.0,GO-based composite,98.04256
10.1039_c3ee23421e,CG-15,500.0,0.4,273.15,0.3119,2013.0,GO-based composite,92.68072
10.1039_c3ee23421e,CG-15,500.0,0.35,273.15,0.3119,2013.0,GO-based composite,87.31931999999999
10.1039_c3ee23421e,CG-15,500.0,0.3,273.15,0.3119,2013.0,GO-based composite,80.80864
10.1039_c3ee23421e,CG-15,500.0,0.25,273.15,0.3119,2013.0,GO-based composite,73.53192
10.1039_c3ee23421e,CG-15,500.0,0.2,273.15,0.3119,2013.0,GO-based composite,65.10636
10.1039_c3ee23421e,CG-15,500.0,0.95,273.15,0.3119,2013.0,GO-based composite,131.7448
10.1039_c3ra42022a,CTS-GO-3%,205.0,0.15,298.15,0.78,2013.0,GO-based composite,58.92084
10.1016_j.jiec.2014.12.021,UiO-66/GO-10,1012.0,1.0,298.0,0.414,2014.0,GO non-composite,135.22564
10.1016_j.jiec.2014.12.021,UiO-66/GO-10,1012.0,0.95,298.0,0.414,2014.0,GO non-composite,130.47056
10.1016_j.jiec.2014.12.021,UiO-66/GO-5,1184.0,0.6,298.0,0.384,2014.0,GO non-composite,113.75144
10.1016_j.jiec.2014.12.021,UiO-66/GO-5,1184.0,0.55,298.0,0.384,2014.0,GO non-composite,106.205
10.1016_j.jiec.2014.12.021,UiO-66/GO-1,923.0,1.0,298.0,0.31,2014.0,GO non-composite,106.51168
10.1016_j.jiec.2014.12.021,UiO-66/GO-1,923.0,0.95,298.0,0.31,2014.0,GO non-composite,102.90676
10.1016_j.jiec.2014.12.021,UiO-66/GO-1,923.0,0.9,298.0,0.31,2014.0,GO non-composite,99.11836
10.1016_j.jiec.2014.12.021,UiO-66/GO-1,923.0,0.85,298.0,0.31,2014.0,GO non-composite,95.1456
10.1016_j.jiec.2014.12.021,UiO-66/GO-1,923.0,0.8,298.0,0.31,2014.0,GO non-composite,90.98892
10.1016_j.jiec.2014.12.021,UiO-66/GO-1,923.0,0.75,298.0,0.31,2014.0,GO non-composite,86.18764
10.1016_j.jiec.2014.12.021,UiO-66/GO-1,923.0,0.7,298.0,0.31,2014.0,GO non-composite,81.57072
10.1016_j.jiec.2014.12.021,UiO-66/GO-1,923.0,0.65,298.0,0.31,2014.0,GO non-composite,76.76988
10.1016_j.jiec.2014.12.021,UiO-66/GO-1,923.0,0.6,298.0,0.31,2014.0,GO non-composite,71.96903999999999
10.1016_j.jiec.2014.12.021,UiO-66/GO-1,923.0,0.55,298.0,0.31,2014.0,GO non-composite,67.03004
10.1016_j.jiec.2014.12.021,UiO-66/GO-5,1184.0,0.65,298.0,0.384,2014.0,GO non-composite,118.69044
10.1016_j.jiec.2014.12.021,UiO-66/GO-5,1184.0,0.7,298.0,0.384,2014.0,GO non-composite,122.92412
10.1016_j.jiec.2014.12.021,UiO-66/GO-5,1184.0,0.75,298.0,0.384,2014.0,GO non-composite,129.90296
10.1016_j.jiec.2014.12.021,UiO-66/GO-10,1012.0,0.6,298.0,0.414,2014.0,GO non-composite,94.6088
10.1016_j.jiec.2014.12.021,UiO-66/GO-10,1012.0,0.9,298.0,0.414,2014.0,GO non-composite,125.53156
10.1016_j.jiec.2014.12.021,UiO-66/GO-10,1012.0,0.85,298.0,0.414,2014.0,GO non-composite,120.39324
10.1016_j.jiec.2014.12.021,UiO-66/GO-10,1012.0,0.8,298.0,0.414,2014.0,GO non-composite,115.40804
10.1016_j.jiec.2014.12.021,UiO-66/GO-10,1012.0,0.75,298.0,0.414,2014.0,GO non-composite,110.20812
10.1016_j.jiec.2014.12.021,UiO-66/GO-10,1012.0,0.7,298.0,0.414,2014.0,GO non-composite,105.22292
10.1016_j.jiec.2014.12.021,UiO-66/GO-10,1012.0,0.65,298.0,0.414,2014.0,GO non-composite,100.1
10.1016_j.jiec.2014.12.021,UiO-66/GO-10,1012.0,0.55,298.0,0.414,2014.0,GO non-composite,89.19416000000001
10.1016_j.jiec.2014.12.021,UiO-66/GO-5,1184.0,0.8,298.0,0.384,2014.0,GO non-composite,134.12124
10.1016_j.jiec.2014.12.021,UiO-66/GO-5,1184.0,1.0,298.0,0.384,2014.0,GO non-composite,152.22064
10.1016_j.jiec.2014.12.021,UiO-66/GO-5,1184.0,0.95,298.0,0.384,2014.0,GO non-composite,148.5242
10.1016_j.jiec.2014.12.021,UiO-66/GO-5,1184.0,0.9,298.0,0.384,2014.0,GO non-composite,144.48984
10.1016_j.jiec.2014.12.021,UiO-66/GO-5,1184.0,0.85,298.0,0.384,2014.0,GO non-composite,138.24712
10.1039_c3ee23421e,CG-3,1470.0,0.2,273.15,0.6103,2013.0,GO-based composite,118.76172
10.1039_c3ee23421e,CG-3,1470.0,0.25,273.15,0.6103,2013.0,GO-based composite,144.76616
10.1039_c3ee23421e,CG-3,1470.0,0.3,273.15,0.6103,2013.0,GO-based composite,167.74472
10.1039_c3ra42022a,CTS-GO-0%,153.0,0.3,298.15,0.56,2013.0,GO-based composite,54.68188
10.1039_c3ra42022a,CTS-GO-1%,182.0,0.15,298.15,0.76,2013.0,GO-based composite,53.83444
10.1039_c3ra42022a,CTS-GO-1%,182.0,0.1,298.15,0.76,2013.0,GO-based composite,47.476
10.1039_c3ra42022a,CTS-GO-1%,182.0,0.05,298.15,0.76,2013.0,GO-based composite,37.72648
10.1039_c3ra42022a,CTS-GO-0%,153.0,0.95,298.15,0.56,2013.0,GO-based composite,83.67612
10.1039_c3ra42022a,CTS-GO-0%,153.0,0.9,298.15,0.56,2013.0,GO-based composite,82.23512000000001
10.1039_c3ra42022a,CTS-GO-0%,153.0,0.85,298.15,0.56,2013.0,GO-based composite,80.79368
10.1039_c3ra42022a,CTS-GO-0%,153.0,0.8,298.15,0.56,2013.0,GO-based composite,79.26776
10.1039_c3ra42022a,CTS-GO-0%,153.0,0.75,298.15,0.56,2013.0,GO-based composite,77.57244
10.1039_c3ra42022a,CTS-GO-0%,153.0,0.7,298.15,0.56,2013.0,GO-based composite,75.87668
10.1039_c3ra42022a,CTS-GO-0%,153.0,0.65,298.15,0.56,2013.0,GO-based composite,73.7572
10.1039_c3ra42022a,CTS-GO-0%,153.0,0.6,298.15,0.56,2013.0,GO-based composite,72.06144
10.1039_c3ra42022a,CTS-GO-0%,153.0,0.55,298.15,0.56,2013.0,GO-based composite,69.94239999999999
10.1039_c3ra42022a,CTS-GO-0%,153.0,0.5,298.15,0.56,2013.0,GO-based composite,67.44144
10.1039_c3ra42022a,CTS-GO-0%,153.0,0.45,298.15,0.56,2013.0,GO-based composite,64.8978
10.1039_c3ra42022a,CTS-GO-0%,153.0,0.4,298.15,0.56,2013.0,GO-based composite,61.97312
10.1039_c3ra42022a,CTS-GO-1%,182.0,0.2,298.15,0.76,2013.0,GO-based composite,58.0734
10.1039_c3ra42022a,CTS-GO-1%,182.0,0.25,298.15,0.76,2013.0,GO-based composite,63.6262
10.1039_c3ra42022a,CTS-GO-1%,182.0,0.3,298.15,0.76,2013.0,GO-based composite,67.39876
10.1039_c3ra42022a,CTS-GO-1%,182.0,0.75,298.15,0.76,2013.0,GO-based composite,89.01728
10.1039_c3ra42022a,CTS-GO-3%,205.0,0.1,298.15,0.78,2013.0,GO-based composite,51.2908
10.1039_c3ra42022a,CTS-GO-3%,205.0,0.05,298.15,0.78,2013.0,GO-based composite,34.54704
10.1039_c3ra42022a,CTS-GO-1%,182.0,0.95,298.15,0.76,2013.0,GO-based composite,94.10412
10.1039_c3ra42022a,CTS-GO-1%,182.0,0.9,298.15,0.76,2013.0,GO-based composite,93.25624
10.1039_c3ra42022a,CTS-GO-1%,182.0,0.85,298.15,0.76,2013.0,GO-based composite,91.43332
10.1039_c3ra42022a,CTS-GO-1%,182.0,0.8,298.15,0.76,2013.0,GO-based composite,90.71304
10.1039_c3ra42022a,CTS-GO-1%,182.0,0.7,298.15,0.76,2013.0,GO-based composite,87.32196
10.1039_c3ra42022a,CTS-GO-1%,182.0,0.35,298.15,0.76,2013.0,GO-based composite,72.06144
10.1039_c3ra42022a,CTS-GO-1%,182.0,0.65,298.15,0.76,2013.0,GO-based composite,85.6262
10.1039_c3ra42022a,CTS-GO-1%,182.0,0.6,298.15,0.76,2013.0,GO-based composite,83.93044
10.1039_c3ra42022a,CTS-GO-1%,182.0,0.55,298.15,0.76,2013.0,GO-based composite,82.23512000000001
10.1039_c3ra42022a,CTS-GO-1%,182.0,0.5,298.15,0.76,2013.0,GO-based composite,80.53936
10.1039_c3ra42022a,CTS-GO-1%,182.0,0.45,298.15,0.76,2013.0,GO-based composite,78.08108
10.1039_c3ra42022a,CTS-GO-1%,182.0,0.4,298.15,0.76,2013.0,GO-based composite,74.18092
10.1039_c3ra42022a,CTS-GO-0%,153.0,0.35,298.15,0.56,2013.0,GO-based composite,58.49712
10.1039_c3ra42022a,CTS-GO-0%,153.0,0.25,298.15,0.56,2013.0,GO-based composite,50.44336
10.1039_c3ee23421e,CG-3,1470.0,0.35,273.15,0.6103,2013.0,GO-based composite,189.95724
10.1039_c3ra42022a,CTS-GO-0%,153.0,0.2,298.15,0.56,2013.0,GO-based composite,44.93236
10.1039_c3ee23421e,CG-9,1532.0,0.25,273.15,0.6448,2013.0,GO-based composite,150.8936
10.1039_c3ee23421e,CG-9,1532.0,0.2,273.15,0.6448,2013.0,GO-based composite,124.85088
10.1039_c3ee23421e,CG-3,1470.0,1.0,273.15,0.6103,2013.0,GO-based composite,358.468
10.1039_c3ee23421e,CG-3,1470.0,0.95,273.15,0.6103,2013.0,GO-based composite,347.74476
10.1039_c3ee23421e,CG-3,1470.0,0.9,273.15,0.6103,2013.0,GO-based composite,338.55316
10.1039_c3ee23421e,CG-3,1470.0,0.85,273.15,0.6103,2013.0,GO-based composite,328.59596
10.1039_c3ee23421e,CG-3,1470.0,0.8,273.15,0.6103,2013.0,GO-based composite,318.63832
10.1039_c3ee23421e,CG-3,1470.0,0.75,273.15,0.6103,2013.0,GO-based composite,307.91508
10.1039_c3ee23421e,CG-3,1470.0,0.7,273.15,0.6103,2013.0,GO-based composite,297.1914
10.1039_c3ee23421e,CG-3,1470.0,0.65,273.15,0.6103,2013.0,GO-based composite,285.70212
10.1039_c3ee23421e,CG-3,1470.0,0.6,273.15,0.6103,2013.0,GO-based composite,271.91472
10.1039_c3ee23421e,CG-3,1470.0,0.55,273.15,0.6103,2013.0,GO-based composite,258.74024000000003
10.1039_c3ee23421e,CG-3,1470.0,0.5,273.15,0.6103,2013.0,GO-based composite,243.57432
10.1039_c3ee23421e,CG-3,1470.0,0.45,273.15,0.6103,2013.0,GO-based composite,227.48924
10.1039_c3ee23421e,CG-3,1470.0,0.4,273.15,0.6103,2013.0,GO-based composite,209.87252
10.1039_c3ee23421e,CG-9,1532.0,0.3,273.15,0.6448,2013.0,GO-based composite,174.6382
10.1039_c3ee23421e,CG-9,1532.0,0.35,273.15,0.6448,2013.0,GO-based composite,196.85116
10.1039_c3ee23421e,CG-9,1532.0,0.4,273.15,0.6448,2013.0,GO-based composite,216.766
10.1039_c3ee23421e,CG-9,1532.0,0.85,273.15,0.6448,2013.0,GO-based composite,339.3192
10.1039_c3ra42022a,CTS-GO-0%,153.0,0.15,298.15,0.56,2013.0,GO-based composite,38.57436
10.1039_c3ra42022a,CTS-GO-0%,153.0,0.1,298.15,0.56,2013.0,GO-based composite,31.79176
10.1039_c3ra42022a,CTS-GO-0%,153.0,0.05,298.15,0.56,2013.0,GO-based composite,19.92276
10.1039_c3ee23421e,CG-9,1532.0,1.0,273.15,0.6448,2013.0,GO-based composite,365.93612
10.1039_c3ee23421e,CG-9,1532.0,0.95,273.15,0.6448,2013.0,GO-based composite,358.468
10.1039_c3ee23421e,CG-9,1532.0,0.9,273.15,0.6448,2013.0,GO-based composite,348.54908
10.1039_c3ee23421e,CG-9,1532.0,0.8,273.15,0.6448,2013.0,GO-based composite,328.59596
10.1039_c3ee23421e,CG-9,1532.0,0.45,273.15,0.6448,2013.0,GO-based composite,235.14876
10.1039_c3ee23421e,CG-9,1532.0,0.75,273.15,0.6448,2013.0,GO-based composite,317.87228000000005
10.1039_c3ee23421e,CG-9,1532.0,0.7,273.15,0.6448,2013.0,GO-based composite,306.53612
10.1039_c3ee23421e,CG-9,1532.0,0.65,273.15,0.6448,2013.0,GO-based composite,294.12768
10.1039_c3ee23421e,CG-9,1532.0,0.6,273.15,0.6448,2013.0,GO-based composite,281.02976
10.1039_c3ee23421e,CG-9,1532.0,0.55,273.15,0.6448,2013.0,GO-based composite,266.55332
10.1039_c3ee23421e,CG-9,1532.0,0.5,273.15,0.6448,2013.0,GO-based composite,251.23384
10.1039_c3ra42022a,CTS-GO-15%,390.0,1.0,298.15,1.14,2013.0,GO-based composite,174.24
10.1021_acs.est.7b03308,rGO@MgO/C-2,357.7,1.0,300.15,0.88,2017.0,rGO-based composite,282.9389109169611
10.1021_acs.est.7b03308,rGO@MgO/C-5,478.4,1.0,300.15,1.22,2017.0,rGO-based composite,314.9320033174655
10.1021_acs.est.7b03308,rGO@MgO/C-15,318.2,1.0,300.15,0.58,2017.0,rGO-based composite,219.952510253468
10.1039_c3ra42022a,CTS-GO-20%,412.0,1.0,298.15,1.23,2013.0,GO-based composite,182.6
10.1039_c3ra42022a,CTS-GO-10%,374.0,1.0,298.15,1.31,2013.0,GO-based composite,153.12
10.1039_c3ra42022a,CTS-GO-5%,241.0,1.0,298.15,0.89,2013.0,GO-based composite,122.76
10.1021_am402661t,GEPM-1,476.0,1.0,273.15,,2013.0,GO-based composite,111.97582340176552
10.1039_c3ra42022a,CTS-GO-0%,153.0,1.0,298.15,0.56,2013.0,GO-based composite,84.47999999999999
10.1039_c3ra42022a,CTS-GO-1%,182.0,1.0,298.15,0.76,2013.0,GO-based composite,95.04
10.1039_c3ra42022a,CTS-GO-3%,205.0,1.0,298.15,0.78,2013.0,GO-based composite,111.32
10.1021_acs.est.7b03308,rGO@C,,1.0,300.15,,2017.0,rGO-based composite,22.995035162862564
10.1016_j.micromeso.2019.109761,aPAni/GO10,1770.0,1.0,298.15,0.91,2019.0,GO-based composite,180.84
10.1016_j.micromeso.2019.109761,Cu-BTC/GO2,1820.0,1.0,298.15,0.88,2019.0,GO-based composite,225.28
10.1016_j.micromeso.2019.109761,Cu-BTC/GO2,1820.0,1.0,273.15,0.88,2019.0,GO-based composite,398.2000000000001
10.1016_j.micromeso.2019.109761,Cu-BTC/GO5,1520.0,1.0,298.15,0.78,2019.0,GO-based composite,210.76
10.1016_j.micromeso.2019.109761,Cu-BTC/GO5,1520.0,1.0,273.15,0.78,2019.0,GO-based composite,372.24
10.1016_j.micromeso.2019.109761,Cu-BTC/GO10,1380.0,1.0,298.15,0.73,2019.0,GO-based composite,180.84
10.1016_j.micromeso.2019.109761,Cu-BTC/GO10,1380.0,1.0,273.15,0.73,2019.0,GO-based composite,308.88
10.1016_j.cej.2014.11.037,TiO2/GO-0.10,99.536,1.0,273.15,0.382,2014.0,GO non-composite,96.492
10.1016_j.cej.2014.11.037,TiO2/GO-0.10,99.536,1.0,298.15,0.382,2014.0,GO non-composite,82.72
10.1016_j.cej.2014.11.037,TiO2/GO-0.10,99.536,1.0,323.15,0.382,2014.0,GO non-composite,55.132
10.1021_acs.est.7b03308,rGO@MgO/C-2,357.7,0.15,300.15,0.88,2017.0,rGO-based composite,219.952510253468
10.1016_j.jiec.2014.12.021,UiO-66/GO-5,1184.0,1.0,298.0,0.384,2014.0,GO non-composite,148.28
10.1016_j.micromeso.2019.109761,aPAni/GO10,1770.0,1.0,273.15,0.91,2019.0,GO-based composite,300.52
10.1016_j.micromeso.2019.109761,aPAni/GO5,1910.0,1.0,273.15,0.87,2019.0,GO-based composite,312.84000000000003
10.1016_j.micromeso.2019.109761,aPPy/GO5,2560.0,1.0,298.15,1.22,2019.0,GO-based composite,182.16
10.1016_j.micromeso.2019.109761,aPAni/GO5,1910.0,1.0,298.15,0.87,2019.0,GO-based composite,187.88
10.1021_acs.est.7b03308,rGO@MgO/C-5,478.4,0.15,300.15,1.22,2017.0,rGO-based composite,224.9514309410468
10.1021_acs.est.7b03308,rGO@MgO/C-10,463.9,0.15,300.15,1.25,2017.0,rGO-based composite,215.9533737034049
10.1016_j.ijbiomac.2018.12.071,CS grafted graphene oxide aerogels,33.32,1.0,298.0,0.129,2018.0,GO-based composite,11.3476
10.1016_j.micromeso.2019.109761,aPPy/GO5,2560.0,1.0,273.15,1.22,2019.0,GO-based composite,320.32
10.1016_j.micromeso.2019.109761,aPPy/GO10,2640.0,1.0,298.15,1.28,2019.0,GO-based composite,183.04
10.1016_j.micromeso.2019.109761,aPPy/GO10,2640.0,1.0,273.15,1.28,2019.0,GO-based composite,314.16
10.1016_j.micromeso.2019.109761,aPPy/GO20,2270.0,1.0,298.15,1.1,2019.0,GO-based composite,169.84
10.1016_j.micromeso.2019.109761,aPPy/GO20,2270.0,1.0,273.15,1.1,2019.0,GO-based composite,297.0
10.1016_j.fuel.2019.03.011,GO *,,0.101325,338.0,,2019.0,GO non-composite,13.2
10.1016_j.fuel.2019.03.011,TEPA-GO,,0.101325,338.0,,2019.0,GO non-composite,220.0
10.1016_j.scitotenv.2021.151522,rGO-MnO 2,,1.0,373.0,,2021.0,rGO-based composite,162.36
10.1016_j.scitotenv.2021.151522,rGO-MnO 2,,1.0,423.0,,2021.0,rGO-based composite,94.16
10.1016_j.matchemphys.2021.124788,TEPA-GO,,1.0,338.0,,2021.0,GO non-composite,53.68
10.1016_j.matchemphys.2021.124788,rGO/Polymer Monolithic,,1.0,298.0,,2021.0,GO-based composite,169.4
10.1016_j.jssc.2018.07.022,UiO-66-NH 2 /GO,1110.0,1.0,298.15,1.42,2018.0,GO non-composite,63.8
10.1016_j.jssc.2018.07.022,HKUST-1/GO,369.0,1.0,298.15,,2018.0,GO non-composite,43.12
10.1016_j.jssc.2018.07.022,UiO-66/GO,1016.0,1.0,298.15,1.42,2018.0,GO non-composite,46.2
10.1016_j.matchemphys.2021.124788,PEI-GO,,1.0,273.0,,2021.0,GO non-composite,21.56
10.1016_j.matchemphys.2021.124788,APTES-GO,,1.0,303.0,,2021.0,GO non-composite,66.0
10.1016_j.matchemphys.2021.124788,Chitosan/GO,,1.0,298.0,,2021.0,GO non-composite,12.1
10.1016_j.matchemphys.2021.124788,EDA-GO,,1.0,298.0,,2021.0,GO non-composite,51.92
10.1016_j.matchemphys.2021.124788,GO-MPD,,1.0,298.0,,2021.0,GO non-composite,40.04
10.1016_j.matchemphys.2021.124788,GO-PEHA,,1.0,298.0,,2021.0,GO non-composite,26.84
10.1016_j.matchemphys.2021.124788,GO-TEHA,,1.0,298.0,,2021.0,GO non-composite,32.56
10.1016_j.matchemphys.2021.124788,MOF-200/GO,,1.0,298.0,,2021.0,GO non-composite,58.96
10.1016_j.matchemphys.2021.124788,PEI -GO,,1.0,298.0,,2021.0,GO non-composite,32.56
10.1016_j.micromeso.2020.110786,GO/core shell ZIF-8@ZIF-67,,1.0,273.0,,2020.0,rGO non-composite,57.2
10.1016_j.micromeso.2020.110786,RGO/core shell ZIF-8@ZIF-67,,1.0,273.0,,2020.0,rGO non-composite,39.6
10.1016_j.micromeso.2020.110786,RGO/core shell ZIF-8@ZIF-67,,1.0,273.0,,2020.0,rGO non-composite,54.12
10.1016_j.micromeso.2020.110786,RGO/core shell ZIF-8@ZIF-67,,1.0,273.0,,2020.0,rGO non-composite,63.8
10.1016_j.micromeso.2020.110786,RGO/core shell ZIF-8@ZIF-67,,1.0,273.0,,2020.0,rGO non-composite,76.12
10.1016_j.micromeso.2020.110786,GO/core shell ZIF-8@ZIF-67,,1.0,273.0,,2020.0,rGO non-composite,75.67999999999999
10.1016_j.micromeso.2020.110786,GO/core shell ZIF-8@ZIF-67,,1.0,273.0,,2020.0,rGO non-composite,94.6
10.1016_j.micromeso.2020.110786,GO/core shell ZIF-8@ZIF-67,,1.0,273.0,,2020.0,rGO non-composite,68.2
10.1016_j.jcou.2022.102371,HPCM-500–0.5GO,743.0,1.0,273.0,0.509,2022.0,Graphene composite,96.8
10.1016_j.jcou.2022.102371,HPCM-500–10GO,515.0,1.0,273.0,0.314,2022.0,Graphene composite,79.2
10.1016_j.jcou.2022.102371,HPCM-500–2GO,598.0,1.0,273.0,0.509,2022.0,Graphene composite,61.6
10.1016_j.jcou.2022.102371,HPCM-900–0.5GO,960.0,1.0,273.0,0.518,2022.0,Graphene composite,145.2
10.1016_j.jcou.2022.102371,HPCM-900–10GO,1221.0,1.0,273.0,0.517,2022.0,Graphene composite,202.4
10.1016_j.jcou.2022.102371,HPCM-900–2GO,997.0,1.0,273.0,0.526,2022.0,Graphene composite,149.6
10.1016_j.jece.2021.105839,GNS-A,964.0,0.5,303.0,0.59,2021.0,Graphene non-composite,203.28
10.1016_j.jece.2021.105839,GNS-B,647.0,0.5,303.0,0.4499999999999999,2021.0,Graphene non-composite,156.64
10.1016_j.jece.2021.105839,GNS-C,469.0,0.5,303.0,0.41,2021.0,Graphene non-composite,92.84
10.1016_j.jece.2021.105839,GNS-D,365.0,0.5,303.0,0.31,2021.0,Graphene non-composite,67.32000000000001
10.1016_j.jece.2021.105839,GNS-E,284.0,0.5,303.0,0.2799999999999999,2021.0,Graphene non-composite,55.88
10.1016_j.jece.2021.105839,GNS-G,273.0,0.5,303.0,0.25,2021.0,Graphene non-composite,50.16
10.1016_j.jece.2021.105839,GNS-GH,280.0,0.5,303.0,0.26,2021.0,Graphene non-composite,47.52
10.1016_j.colsurfa.2021.126640,GO,51.0,1.0,273.0,0.05,2021.0,rGO non-composite,7.48
10.1016_j.colsurfa.2021.126640,EGO,438.0,1.0,273.0,1.58,2021.0,rGO non-composite,53.24
10.1016_j.colsurfa.2021.126640,CPGMs-2,640.0,1.0,273.0,2.32,2021.0,Graphene non-composite,72.6
10.1016_j.colsurfa.2021.126640,CPGMs-4,843.0,1.0,273.0,2.71,2021.0,Graphene non-composite,76.56
10.1016_j.colsurfa.2021.126640,CPGMs-6,908.0,1.0,273.0,3.08,2021.0,Graphene non-composite,68.64
10.1016_j.colsurfa.2021.126640,KPGMs-5,995.0,1.0,273.0,0.57,2021.0,Graphene non-composite,143.44
10.1016_j.colsurfa.2021.126640,KPGMs-7,2518.0,1.0,273.0,1.65,2021.0,Graphene non-composite,178.64
10.1016_j.colsurfa.2021.126640,KPGMs-9,1449.0,1.0,273.0,0.95,2021.0,Graphene non-composite,116.16
10.1016_j.ijhydene.2014.05.059,GO,51.0,1.0,273.0,0.05,2014.0,GO non-composite,7.48
10.1016_j.ijhydene.2014.05.059,HPGC-750,239.0,1.0,273.0,0.69,2014.0,Graphene non-composite,60.72
10.1016_j.ijhydene.2014.05.059,HPGC-850,459.0,1.0,273.0,1.17,2014.0,Graphene non-composite,77.44
10.1016_j.ijhydene.2014.05.059,HPGC-950,532.0,1.0,273.0,1.67,2014.0,Graphene non-composite,63.8
10.1016_j.jallcom.2020.157534,rGO/PC-600-2-1,,1.0,298.0,,2020.0,rGO-based composite,43.3972
10.1016_j.jallcom.2020.157534,rGO/NPC-400-1-0.5,,1.0,298.0,,2020.0,rGO-based composite,9.9352
10.1016_j.jallcom.2020.157534,rGO/NPC-600-1-0.5,869.2,1.0,298.0,0.12,2020.0,rGO-based composite,91.2956
10.1016_j.jallcom.2020.157534,rGO/NPC-700-1-0.5,,1.0,298.0,,2020.0,rGO-based composite,62.6428
10.1016_j.jallcom.2020.157534,rGO/NPC-600-2-0.5,882.3,1.0,298.0,0.087,2020.0,rGO-based composite,85.25
10.1016_j.jallcom.2020.157534,rGO/NPC-600-3-0.5,778.6,1.0,298.0,0.034,2020.0,rGO-based composite,66.8756
10.1016_j.jallcom.2020.157534,rGO/NPC-600-2-1,865.2,1.0,298.0,0.069,2020.0,rGO-based composite,95.744
10.1016_j.jallcom.2020.157534,rGO/NPC-600-2-2,749.6,1.0,298.0,0.081,2020.0,rGO-based composite,62.4888
10.1016_j.jpowsour.2016.08.042,PG,76.5,1.0,298.0,0.29,2016.0,Graphene non-composite,36.52
10.1016_j.jpowsour.2016.08.042,NG-650,278.0,1.0,298.0,0.68,2016.0,Graphene non-composite,194.92
10.1016_j.jpowsour.2016.08.042,NG-750,296.0,1.0,298.0,0.89,2016.0,Graphene non-composite,137.28
10.1016_j.micromeso.2014.08.012,GO/MOF without IL template,933.0,1.0,298.15,0.05,2014.0,GO-based composite,121.88
10.1016_j.micromeso.2014.08.012,GO-TAc/MOF-90,1193.0,1.0,298.15,0.107,2014.0,GO-based composite,199.32
10.1016_j.micromeso.2014.08.012,GO-TAc/MOF-60,2043.0,1.0,298.15,0.196,2014.0,GO-based composite,247.28
10.1016_j.micromeso.2014.08.012,GO-TAc/MOF-30,1575.0,1.0,298.15,0.157,2014.0,GO-based composite,229.24
10.1016_j.micromeso.2014.08.012,GO-TBF4/MOF-60,1763.0,1.0,298.15,0.149,2014.0,GO-based composite,233.64
10.1016_j.micromeso.2014.08.012,GO-BBF4/MOF-60,1090.0,1.0,298.15,0.055,2014.0,GO-based composite,143.44
10.1016_j.psep.2021.02.014,SAG-850,133.0,1.0,303.15,0.14,2021.0,Graphene non-composite,45.32
10.1016_j.psep.2021.02.014,SAG-850,133.0,1.0,333.15,0.14,2021.0,Graphene non-composite,30.8
10.1016_j.psep.2021.02.014,SAG-850,133.0,1.0,363.15,0.14,2021.0,Graphene non-composite,28.6
10.1016_j.psep.2021.02.014,SAG-4-850,1411.0,1.0,303.15,1.16,2021.0,Graphene non-composite,122.32
10.1016_j.psep.2021.02.014,SAG-4-850,1411.0,1.0,333.15,1.16,2021.0,Graphene non-composite,96.36
10.1016_j.psep.2021.02.014,SAG-4-850,1411.0,1.0,363.15,1.16,2021.0,Graphene non-composite,85.8
10.1016_j.psep.2023.12.041,UiO-66-(OH)2/GO (0.15),,1.0,273.0,,2023.0,GO non-composite,221.32
10.1016_j.psep.2023.12.041,UiO-66-(OH)2/GO (0.15),,1.0,298.0,,2023.0,GO non-composite,190.96
10.1016_j.ijhydene.2016.05.162,GO,73.0,0.152,298.15,0.217,2016.0,Graphene non-composite,5.39877300613497
10.1016_j.ijhydene.2016.05.162,PEI-GO 40,29.0,0.152,298.15,0.138,2016.0,Graphene composite,18.245853215178364
10.1016_j.ijhydene.2016.05.162,PEI-GO 50,18.0,0.152,298.15,0.099,2016.0,Graphene composite,21.205180640763466
10.1016_j.ijhydene.2016.05.162,PEI-GO 60,16.0,0.152,298.15,0.051,2016.0,Graphene composite,32.88252669847762
10.1016_j.ijhydene.2016.05.162,PEI-GO 70,13.0,0.152,298.15,0.03,2016.0,Graphene composite,11.877300613496937
10.1016_j.ijhydene.2016.05.162,GO,73.0,1.0,298.15,0.217,2016.0,Graphene non-composite,17.995910020449895
10.1016_j.ijhydene.2016.05.162,PEI-GO 60,16.0,1.0,298.15,0.051,2016.0,Graphene composite,83.98091342876619
10.1016_j.jiec.2016.01.032,PSF/GO(5)/ZIF-302(6) MMM,95.0,1.0,298.0,,2016.0,GO-based composite,11.189435174444544
10.1016_j.jiec.2016.01.032,PSF/GO(4)/ZIF-302(12) MMM,100.0,1.0,298.0,,2016.0,GO-based composite,14.722941019005978
10.1016_j.jiec.2016.01.032,PSF/GO(3)/ZIF-302(18) MMM,105.0,1.0,298.0,,2016.0,GO-based composite,17.863835103060584
10.1016_j.jiec.2016.01.032,PSF/GO(2)/ZIF-302(24) MMM,105.0,1.0,298.0,,2016.0,GO-based composite,20.612117426608364
10.1016_j.jiec.2016.01.032,PSF/GO(1)/ZIF-302(30) MMM,110.0,1.0,298.0,,2016.0,GO-based composite,23.36039975015615
10.1016_j.jiec.2016.01.032,GO,25.0,1.0,298.0,,2016.0,GO-based composite,11.189435174444544
10.1016_j.memsci.2016.04.029,PSF/GO(5)/ZIF-301(6) MMM,95.0,1.0,298.0,,2016.0,GO-based composite,12.170964575711608
10.1016_j.memsci.2016.04.029,PSF/GO(4)/ZIF-301(12) MMM,120.0,1.0,298.0,,2016.0,GO-based composite,15.50816454001963
10.1016_j.memsci.2016.04.029,PSF/GO(3)/ZIF-301(18) MMM,155.0,1.0,298.0,,2016.0,GO-based composite,18.845364504327648
10.1016_j.memsci.2016.04.029,PSF/GO(2)/ZIF-301(24) MMM,180.0,1.0,298.0,,2016.0,GO-based composite,22.182564468635675
10.1016_j.memsci.2016.04.029,PSF/GO(1)/ZIF-301(30) MMM,205.0,1.0,298.0,,2016.0,GO-based composite,25.323458552690283
10.1016_j.jcou.2017.05.018,MEGO-I,310.0,1.0,303.15,0.94,2017.0,GO non-composite,37.4
10.1016_j.jcou.2017.05.018,MEGO-II,290.0,1.0,303.15,0.94,2017.0,GO non-composite,33.88
10.1016_j.jcou.2017.05.018,MEGO-III,170.0,1.0,303.15,0.55,2017.0,GO non-composite,22.44
10.1016_j.fuel.2019.03.011,TEPA-GO (5-10 min ultrasound),194.484,0.101325,338.0,0.042,2019.0,GO non-composite,30.8
10.1016_j.fuel.2019.03.011,TEPA-GO (2-3 h ultrasound),194.484,0.101325,338.0,0.042,2019.0,GO non-composite,39.6
10.1016_j.fuel.2019.03.011,TEPA-GO (6 h ultrasound),194.484,0.101325,338.0,0.042,2019.0,GO non-composite,52.8
10.1016_j.fuel.2019.03.011,GO,289.028,0.101325,303.0,0.046,2019.0,GO non-composite,13.2
10.1016_j.fuel.2019.03.011,GO,289.028,0.101325,323.0,0.046,2019.0,GO non-composite,4.4
10.1016_j.jiec.2019.02.016,GO,,1.0,298.15,,2019.0,GO-based composite,14.96
10.1016_j.jiec.2019.02.016,NiDOBDC/GO composite,,1.0,298.15,,2019.0,GO-based composite,201.52
10.1016_j.ces.2023.119572,MGO 1.000,289.2,1.0,298.15,0.69,2023.0,GO non-composite,35.64
10.1016_j.ces.2023.119572,MGO 0.500,297.7,1.0,298.15,0.75,2023.0,GO non-composite,37.84
10.1016_j.ces.2023.119572,MGO 0.250,311.1,1.0,298.15,0.88,2023.0,GO non-composite,41.8
10.1016_j.ces.2023.119572,MGO 0.250 UV_15,396.0,1.0,298.15,1.1,2023.0,GO non-composite,52.8
10.1016_j.ces.2023.119572,MGO 0.250 UV_2.5,429.5,1.0,298.15,1.25,2023.0,GO non-composite,57.64
10.1016_j.ces.2023.119572,MGO 0.250 UV_5.0,520.9,1.0,298.15,1.37,2023.0,GO non-composite,67.76
10.1016_j.ces.2023.119572,MGO 0.250 UV_10,577.3,1.0,298.15,1.59,2023.0,GO non-composite,72.6
10.1016_j.apsusc.2018.08.062,CZIF-8,1170.0,1.0,273.15,1.52,2018.0,GO-based composite,250.8
10.1016_j.carbon.2014.09.042,Glu-T8,395.0,1.0,273.15,0.21,2014.0,rGO-based composite,145.2
10.1016_j.carbon.2014.09.042,Glu-T8,395.0,1.0,298.15,0.21,2014.0,rGO-based composite,110.0
10.1016_j.carbon.2014.09.042,HTC,93.0,1.0,273.15,0.17,2014.0,rGO-based composite,44.0
10.1016_j.carbon.2014.09.042,HTC,93.0,1.0,298.15,0.17,2014.0,rGO-based composite,30.8
10.1016_j.carbon.2014.09.042,HTC-K1-T7,1977.0,1.0,273.15,1.13,2014.0,rGO-based composite,171.6
10.1016_j.carbon.2014.09.042,HTC-K1-T7,1977.0,1.0,298.15,1.13,2014.0,rGO-based composite,105.6
10.1016_j.carbon.2014.09.042,HTC-K1-T8,1013.0,1.0,273.15,0.56,2014.0,rGO-based composite,215.6
10.1016_j.carbon.2014.09.042,HTC-K1-T8,1013.0,1.0,298.15,0.56,2014.0,rGO-based composite,132.0
10.1016_j.carbon.2014.09.042,HTC-K4-T7,1844.0,1.0,273.15,1.15,2014.0,rGO-based composite,162.8
10.1016_j.carbon.2014.09.042,HTC-K4-T7,1844.0,1.0,298.15,1.15,2014.0,rGO-based composite,114.4
10.1016_j.carbon.2014.09.042,HTC-K4-T8,1271.0,1.0,273.15,1.09,2014.0,rGO-based composite,180.4
10.1016_j.carbon.2014.09.042,HTC-K4-T8,1271.0,1.0,298.15,1.09,2014.0,rGO-based composite,110.0
10.1016_j.carbon.2014.09.042,HTC-T8,567.0,1.0,273.15,0.66,2014.0,rGO-based composite,132.0
10.1016_j.carbon.2014.09.042,HTC-T8,567.0,1.0,298.15,0.66,2014.0,rGO-based composite,110.0
10.1016_j.jcou.2022.102371,HPCM-500,,1.0,273.0,0.4629999999999999,2022.0,Graphene composite,105.6
10.1016_j.jcou.2022.102371,HPCM-900,,1.0,273.0,0.439,2022.0,Graphene composite,149.6
10.1016_j.jece.2021.105839,Graphene nanosheets prepared from solid waste,,0.5,273.0,,2021.0,Graphene non-composite,215.16
10.1016_j.jece.2021.105839,Graphene nanosheets prepared from solid waste,,0.5,303.0,,2021.0,Graphene non-composite,203.28
10.1016_j.jece.2021.105839,Graphene nanosheets prepared from solid waste,,0.5,373.0,,2021.0,Graphene non-composite,127.16
10.1016_j.micromeso.2019.109761,Cu-BTC,1760.0,1.0,273.15,0.83,2019.0,GO-based composite,421.96
10.1016_j.micromeso.2019.109761,Cu-BTC,1760.0,1.0,298.15,0.83,2019.0,GO-based composite,234.52
10.1016_j.micromeso.2020.110786,Core shell ZIF-8@ZIF-67,1490.0,1.0,273.0,0.93,2020.0,rGO non-composite,70.84
10.1016_j.ijhydene.2017.12.070,GO,,1.0,273.0,,2018.0,GO non-composite,51.11805121798875
10.1016_j.ijhydene.2017.12.070,PEI-GO@ZIF-8,,1.0,273.0,,2018.0,GO non-composite,355.392165610779
10.1016_j.ijhydene.2017.12.070,ZIF-8,,1.0,273.0,,2018.0,GO-based composite,60.44258053002587
10.1016_j.seppur.2023.123448,GO-3,,1.0,298.0,,2023.0,GO-based composite,96.8
10.1016_j.jcou.2015.12.001,GPN,94.0,1.0,273.15,,2015.0,Graphene non-composite,35.948
10.1016_j.jcou.2015.12.001,GPN-200,185.0,1.0,273.15,0.268,2015.0,Graphene non-composite,65.604
10.1016_j.jcou.2015.12.001,GPN-400,302.0,1.0,273.15,0.435,2015.0,Graphene non-composite,87.208
10.1016_j.jcou.2015.12.001,GPN-600,388.0,1.0,273.15,0.547,2015.0,Graphene non-composite,110.704
10.1016_j.jcou.2015.12.001,GPN-800,484.0,1.0,273.15,0.6819999999999999,2015.0,Graphene non-composite,127.336
10.1016_j.jcou.2021.101666,CF,434.15,0.15,273.15,0.22,2021.0,GO-based composite,71.28
10.1016_j.jcou.2021.101666,CF,434.15,0.15,298.15,0.22,2021.0,GO-based composite,40.48
10.1016_j.jcou.2021.101666,CF,434.15,1.0,273.15,0.22,2021.0,GO-based composite,163.24
10.1016_j.jcou.2021.101666,CF,434.15,1.0,298.15,0.22,2021.0,GO-based composite,109.12
10.1016_j.cej.2020.124022,10UV-GOF,,1.0,298.15,,2020.0,GO non-composite,80.52000000000001
10.1016_j.cej.2020.124022,5UV-GOF,,1.0,298.15,,2020.0,GO non-composite,72.16
10.1016_j.cej.2020.124022,GOF,,1.0,298.15,,2020.0,GO non-composite,67.32000000000001
10.1016_j.jcou.2021.101666,GCF-0.05,690.67,0.15,273.15,0.28,2021.0,GO-based composite,81.4
10.1016_j.jcou.2021.101666,GCF-0.05,690.67,1.0,273.15,0.28,2021.0,GO-based composite,178.2
10.1016_j.jcou.2021.101666,GCF-0.05,690.67,0.15,298.15,0.28,2021.0,GO-based composite,61.6
10.1016_j.jcou.2021.101666,GCF-0.05,690.67,1.0,298.15,0.28,2021.0,GO-based composite,143.88
10.1016_j.jcou.2021.101666,GCF-0.1,765.19,0.15,273.15,0.31,2021.0,GO-based composite,85.36
10.1016_j.jcou.2021.101666,GCF-0.1,765.19,1.0,273.15,0.31,2021.0,GO-based composite,194.48
10.1016_j.jcou.2021.101666,GCF-0.1,765.19,0.15,298.15,0.31,2021.0,GO-based composite,63.8
10.1016_j.jcou.2021.101666,GCF-0.1,765.19,1.0,298.15,0.31,2021.0,GO-based composite,159.28
10.1016_j.jcou.2021.101666,GCF-0.2,770.03,0.15,273.15,0.32,2021.0,GO-based composite,89.32
10.1016_j.jcou.2021.101666,GCF-0.2,770.03,1.0,273.15,0.32,2021.0,GO-based composite,219.56
10.1016_j.jcou.2021.101666,GCF-0.2,770.03,0.15,298.15,0.32,2021.0,GO-based composite,60.28
10.1016_j.jcou.2021.101666,GCF-0.2,770.03,1.0,298.15,0.32,2021.0,GO-based composite,150.92000000000002
10.1016_j.jcou.2021.101666,GCF-0.5,795.27,0.15,273.15,0.38,2021.0,GO-based composite,88.88
10.1016_j.jcou.2021.101666,GCF-0.5,795.27,1.0,273.15,0.38,2021.0,GO-based composite,201.96
10.1016_j.jcou.2021.101666,GCF-0.5,795.27,0.15,298.15,0.38,2021.0,GO-based composite,61.6
10.1016_j.jcou.2021.101666,GCF-0.5,795.27,1.0,298.15,0.38,2021.0,GO-based composite,152.24
10.1016_j.micromeso.2019.109761,aPAni,1800.0,1.0,298.15,0.88,2019.0,GO-based composite,190.96
10.1016_j.micromeso.2019.109761,aPAni,1800.0,1.0,273.15,0.88,2019.0,GO-based composite,316.8
10.1016_j.micromeso.2019.109761,aPPy,2420.0,1.0,298.15,1.17,2019.0,GO-based composite,177.32000000000002
10.1016_j.micromeso.2019.109761,aPPy,2420.0,1.0,273.15,1.17,2019.0,GO-based composite,308.0
10.1016_j.psep.2021.02.014,S.H,,1.0,303.0,,2021.0,Graphene non-composite,122.32
10.1016_j.fuel.2019.03.011,GO *,289.028,0.101325,338.0,0.046,2019.0,GO non-composite,4.4
10.1016_j.ijhydene.2014.05.059,GO,51.0,1.0,353.15,0.05,2014.0,GO non-composite,7.48
10.1016_j.ijhydene.2014.05.059,HPGC-750,239.0,1.0,353.15,0.69,2014.0,Graphene non-composite,60.72
10.1016_j.ijhydene.2014.05.059,HPGC-850,459.0,1.0,353.15,1.17,2014.0,Graphene non-composite,77.44
10.1016_j.ijhydene.2014.05.059,HPGC-950,532.0,1.0,353.15,1.67,2014.0,Graphene non-composite,63.8
10.1016_j.jallcom.2020.157534,rGO/NPC-600-1-0.5,869.2,1.0,408.25,0.12,2020.0,rGO-based composite,91.2956
10.1016_j.jallcom.2020.157534,rGO/NPC-600-2-0.5,882.3,1.0,417.45,0.087,2020.0,rGO-based composite,85.25
10.1016_j.jallcom.2020.157534,rGO/NPC-600-3-0.5,778.6,1.0,370.45,0.034,2020.0,rGO-based composite,66.8756
10.1016_j.jallcom.2020.157534,rGO/NPC-600-2-1,865.2,1.0,275.15,0.069,2020.0,rGO-based composite,95.744
10.1016_j.jallcom.2020.157534,rGO/NPC-600-2-2,749.6,1.0,354.04999999999995,0.081,2020.0,rGO-based composite,62.4888
10.1016_j.jcou.2022.102371,HPCM-500,764.0,1.0,273.0,0.4629999999999999,2022.0,Graphene composite,107.96823413937716
10.1016_j.jpowsour.2016.08.042,PG,76.5,1.0,274.15,0.29,2016.0,Graphene non-composite,36.52
10.1016_j.jpowsour.2016.08.042,NG-650,278.0,1.0,274.15,0.68,2016.0,Graphene non-composite,194.92
10.1016_j.jpowsour.2016.08.042,NG-750,296.0,1.0,274.15,0.89,2016.0,Graphene non-composite,137.28
